{
    "Titulo":"Lugares Turisticos",
    "pais": "Bolivia",
    "ciudades":[
        {
        "nombre":"Cochabamba",
        "fundacion":1810,
        "lugares_turisticos":[
            
                "Cristo de la concordia",
                "La Angostura",
                "Museo "
        ]

        },

        {
            "nombre":"La Paz",
            "fundacion":1810,
            "lugares_turisticos":[
                
                    "Tiahuanaku",
                    "Lago Titicaca",
                    "La isla del sol"
            ]
            },

            {
                "nombre":"Potosi",
                "fundacion":1812,
                "lugares_turisticos":[
                    
                        "Salar de uyuni",
                        "Toro toro",
                        "Casa de la moneda"
                ]
                }
            

    ]



}